{
  "type": "minecraft:entity",
  "pools": [
    {
      "rolls": 1,
      "entries": [
        {
          "type": "minecraft:item",
          "functions": [
            {
              "function": "minecraft:set_count",
              "count": {
                "min": 0.0,
                "max": 2.0,
                "type": "minecraft:uniform"
              }
            },
            {
              "function": "minecraft:looting_enchant",
              "count": {
                "min": 0.0,
                "max": 1.0
              }
            }
          ],
          "name": "minecraft:leather"
        }
      ]
    },
    {
      "rolls": 1,
      "entries": [
        {
          "type": "minecraft:alternatives",
          "conditions": [
            {
              "condition": "killed_by_player"
            },
            {
              "condition": "random_chance_with_looting",
              "chance": 0.05,
              "looting_multiplier": 0.025
            }
          ],
          "children": [
            {
              "type": "item",
              "name": "minecraft:player_head",
              "functions": [
                {
                  "function": "set_nbt",
                  "tag": "{SkullOwner:{Id:'b8e21edd-c25b-4673-9602-6671007f5088',Name:'Trader Creamy Llama',Properties:{textures:[{Value:'eyJ0ZXh0dXJlcyI6eyJTS0lOIjp7InVybCI6Imh0dHA6Ly90ZXh0dXJlcy5taW5lY3JhZnQubmV0L3RleHR1cmUvZTg5YTJlYjE3NzA1ZmU3MTU0YWIwNDFlNWM3NmEwOGQ0MTU0NmEzMWJhMjBlYTMwNjBlM2VjOGVkYzEwNDEyYyJ9fX0='}]}}}"
                }
              ],
              "conditions": [
                {
                  "condition": "entity_properties",
                  "predicate": {
                    "nbt": "{Variant:0}"
                  },
                  "entity": "this"
                }
              ]
            },
            {
              "type": "item",
              "name": "minecraft:player_head",
              "functions": [
                {
                  "function": "set_nbt",
                  "tag": "{SkullOwner:{Id:'47dbdab5-105f-42bc-9580-c61cee9231f3',Name:'Trader White Llama',Properties:{textures:[{Value:'eyJ0ZXh0dXJlcyI6eyJTS0lOIjp7InVybCI6Imh0dHA6Ly90ZXh0dXJlcy5taW5lY3JhZnQubmV0L3RleHR1cmUvNzA4N2E1NTZkNGZmYTk1ZWNkMjg0NGYzNTBkYzQzZTI1NGU1ZDUzNWZhNTk2ZjU0MGQ3ZTc3ZmE2N2RmNDY5NiJ9fX0='}]}}}"
                }
              ],
              "conditions": [
                {
                  "condition": "entity_properties",
                  "predicate": {
                    "nbt": "{Variant:1}"
                  },
                  "entity": "this"
                }
              ]
            },
            {
              "type": "item",
              "name": "minecraft:player_head",
              "functions": [
                {
                  "function": "set_nbt",
                  "tag": "{SkullOwner:{Id:'a957be18-324a-4984-a81b-f556a793a64a',Name:'Trader Brown Llama',Properties:{textures:[{Value:'eyJ0ZXh0dXJlcyI6eyJTS0lOIjp7InVybCI6Imh0dHA6Ly90ZXh0dXJlcy5taW5lY3JhZnQubmV0L3RleHR1cmUvODQyNDc4MGIzYzVjNTM1MWNmNDlmYjViZjQxZmNiMjg5NDkxZGY2YzQzMDY4M2M4NGQ3ODQ2MTg4ZGI0Zjg0ZCJ9fX0='}]}}}"
                }
              ],
              "conditions": [
                {
                  "condition": "entity_properties",
                  "predicate": {
                    "nbt": "{Variant:2}"
                  },
                  "entity": "this"
                }
              ]
            },
            {
              "type": "item",
              "name": "minecraft:player_head",
              "functions": [
                {
                  "function": "set_nbt",
                  "tag": "{SkullOwner:{Id:'34bfbc2b-6c59-47df-8cf6-7457ad15165a',Name:'Trader Grey Llama',Properties:{textures:[{Value:'eyJ0ZXh0dXJlcyI6eyJTS0lOIjp7InVybCI6Imh0dHA6Ly90ZXh0dXJlcy5taW5lY3JhZnQubmV0L3RleHR1cmUvYmU0ZDhhMGJjMTVmMjM5OTIxZWZkOGJlMzQ4MGJhNzdhOThlZTdkOWNlMDA3MjhjMGQ3MzNmMGEyZDYxNGQxNiJ9fX0='}]}}}"
                }
              ],
              "conditions": [
                {
                  "condition": "entity_properties",
                  "predicate": {
                    "nbt": "{Variant:3}"
                  },
                  "entity": "this"
                }
              ]
            }
          ]
        }
      ]
    }
  ]
}