{
  "type": "minecraft:entity",
  "pools": [
    {
      "rolls": 1,
      "conditions": [
        {
          "condition": "killed_by_player"
        },
        {
          "condition": "random_chance_with_looting",
          "chance": 0.01,
          "looting_multiplier": 0.013
        }
      ],
      "entries": [
        {
          "type": "item",
          "name": "minecraft:player_head",
          "weight": 4,
          "functions": [
            {
              "function": "set_nbt",
              "tag": "{SkullOwner:{Id:'f83bcfc1-0213-4957-888e-d3e2fae71203',Name:'Vex',Properties:{textures:[{Value:'eyJ0ZXh0dXJlcyI6eyJTS0lOIjp7InVybCI6Imh0dHA6Ly90ZXh0dXJlcy5taW5lY3JhZnQubmV0L3RleHR1cmUvNWU3MzMwYzdkNWNkOGEwYTU1YWI5ZTk1MzIxNTM1YWM3YWUzMGZlODM3YzM3ZWE5ZTUzYmVhN2JhMmRlODZiIn19fQ=='}]}}}"
            }
          ]
        },
        {
          "type": "item",
          "name": "minecraft:player_head",
          "weight": 2,
          "functions": [
            {
              "function": "set_nbt",
              "tag": "{SkullOwner:{Id:'49f56fd4-a632-422c-b081-594673e51c09',Name:'Charging Vex',Properties:{textures:[{Value:'eyJ0ZXh0dXJlcyI6eyJTS0lOIjp7InVybCI6Imh0dHA6Ly90ZXh0dXJlcy5taW5lY3JhZnQubmV0L3RleHR1cmUvOTY4ODZjYjk0ZjNiMzgyY2JjMzIxYWI0NjUzNTgxZjI4MmNhMDg0MTcyOGE0NzhlZTlkNDFhOGEzMjI0NzQzIn19fQ=='}]}}}"
            }
          ]
        }
      ]
    }
  ]
}