{
  "type": "minecraft:entity",
  "pools": [
    {
      "rolls": 1,
      "entries": [
        {
          "type": "minecraft:alternatives",
          "conditions": [
            {
              "condition": "killed_by_player"
            },
            {
              "condition": "random_chance_with_looting",
              "chance": 0.01,
              "looting_multiplier": 0.013
            }
          ],
          "children": [
            {
              "type": "item",
              "name": "minecraft:player_head",
              "functions": [
                {
                  "function": "set_nbt",
                  "tag": "{SkullOwner:{Id:'0a9e8efb-9191-4c81-80f5-e27ca5433156',Name:'Villager',Properties:{textures:[{Value:'eyJ0ZXh0dXJlcyI6eyJTS0lOIjp7InVybCI6Imh0dHA6Ly90ZXh0dXJlcy5taW5lY3JhZnQubmV0L3RleHR1cmUvODIyZDhlNzUxYzhmMmZkNGM4OTQyYzQ0YmRiMmY1Y2E0ZDhhZThlNTc1ZWQzZWIzNGMxOGE4NmU5M2IifX19'}]}}}"
                }
              ],
              "conditions": [
                {
                  "condition": "entity_properties",
                  "predicate": {
                    "nbt": "{VillagerData:{profession:'minecraft:none'}}"
                  },
                  "entity": "this"
                }
              ]
            },
            {
              "type": "item",
              "name": "minecraft:player_head",
              "functions": [
                {
                  "function": "set_nbt",
                  "tag": "{SkullOwner:{Id:'059ed883-6c0a-4c94-a2c3-eaa9359cb965',Name:'Cartographer Villager',Properties:{textures:[{Value:'eyJ0ZXh0dXJlcyI6eyJTS0lOIjp7InVybCI6Imh0dHA6Ly90ZXh0dXJlcy5taW5lY3JhZnQubmV0L3RleHR1cmUvMTQyYjAwYzYwMmE4ZTI2MDRhOWI1OGE3ZWZhZTNhZGQwYzQ0MGI4OThlNTA1Mzk4NTM2M2NiYjJmZmIwMGZlNCJ9fX0='}]}}}"
                }
              ],
              "conditions": [
                {
                  "condition": "entity_properties",
                  "predicate": {
                    "nbt": "{VillagerData:{profession:'minecraft:cartographer'}}"
                  },
                  "entity": "this"
                }
              ]
            },
            {
              "type": "item",
              "name": "minecraft:player_head",
              "functions": [
                {
                  "function": "set_nbt",
                  "tag": "{SkullOwner:{Id:'4b95aac9-f271-4f92-9d08-58123186cbf7',Name:'Librarian Villager',Properties:{textures:[{Value:'eyJ0ZXh0dXJlcyI6eyJTS0lOIjp7InVybCI6Imh0dHA6Ly90ZXh0dXJlcy5taW5lY3JhZnQubmV0L3RleHR1cmUvODYxZjU3NjJhM2ZhZjUyOTA0NGNmNDU2MDU0YjhlNmQ2YmE4YjI4NzMwOGE4YTA4YjI4NzA3MGY4ZDE2ZWZlNSJ9fX0='}]}}}"
                }
              ],
              "conditions": [
                {
                  "condition": "entity_properties",
                  "predicate": {
                    "nbt": "{VillagerData:{profession:'minecraft:librarian'}}"
                  },
                  "entity": "this"
                }
              ]
            },
            {
              "type": "item",
              "name": "minecraft:player_head",
              "functions": [
                {
                  "function": "set_nbt",
                  "tag": "{SkullOwner:{Id:'bb1f04a1-fae6-4a2d-8382-a569c98ee893',Name:'Shepherd Villager',Properties:{textures:[{Value:'eyJ0ZXh0dXJlcyI6eyJTS0lOIjp7InVybCI6Imh0dHA6Ly90ZXh0dXJlcy5taW5lY3JhZnQubmV0L3RleHR1cmUvNGNmY2IwNTJmNDAxZWQ3NTU5NjZiNTdhNjVhODYwNGI2NDdkYmUzZGQzMmI5YTRiMmI5Y2FlNzAxZWRhYzllNiJ9fX0='}]}}}"
                }
              ],
              "conditions": [
                {
                  "condition": "entity_properties",
                  "predicate": {
                    "nbt": "{VillagerData:{profession:'minecraft:shepherd'}}"
                  },
                  "entity": "this"
                }
              ]
            },
            {
              "type": "item",
              "name": "minecraft:player_head",
              "functions": [
                {
                  "function": "set_nbt",
                  "tag": "{SkullOwner:{Id:'61f96c03-c688-4a6d-aae5-e9f7f0fde904',Name:'Fisherman Villager',Properties:{textures:[{Value:'eyJ0ZXh0dXJlcyI6eyJTS0lOIjp7InVybCI6Imh0dHA6Ly90ZXh0dXJlcy5taW5lY3JhZnQubmV0L3RleHR1cmUvOWY1ZDM4MTlhNjVkYjc5YzQ1ZmQwMDE0MWMwODgyZTQ3YWQyMzRjMGU1Zjg5OTJiZjRhZjE4Y2VkMGUxZWNkYyJ9fX0='}]}}}"
                }
              ],
              "conditions": [
                {
                  "condition": "entity_properties",
                  "predicate": {
                    "nbt": "{VillagerData:{profession:'minecraft:fisherman'}}"
                  },
                  "entity": "this"
                }
              ]
            },
            {
              "type": "item",
              "name": "minecraft:player_head",
              "functions": [
                {
                  "function": "set_nbt",
                  "tag": "{SkullOwner:{Id:'56c54193-b934-49f5-8ad1-d8968d09df6e',Name:'Butcher Villager',Properties:{textures:[{Value:'eyJ0ZXh0dXJlcyI6eyJTS0lOIjp7InVybCI6Imh0dHA6Ly90ZXh0dXJlcy5taW5lY3JhZnQubmV0L3RleHR1cmUvZmY0MWFjNjRhZmVhZmY5OTk5NGE4ZWRhYThiM2E0MGE2NjIzZDQxODAxZjE4ZGM5YmU4NmMxZTNlZmFjOWJhNyJ9fX0='}]}}}"
                }
              ],
              "conditions": [
                {
                  "condition": "entity_properties",
                  "predicate": {
                    "nbt": "{VillagerData:{profession:'minecraft:butcher'}}"
                  },
                  "entity": "this"
                }
              ]
            },
            {
              "type": "item",
              "name": "minecraft:player_head",
              "functions": [
                {
                  "function": "set_nbt",
                  "tag": "{SkullOwner:{Id:'2720125b-932e-4e9f-9e68-d82703fcbda5',Name:'Fletcher Villager',Properties:{textures:[{Value:'eyJ0ZXh0dXJlcyI6eyJTS0lOIjp7InVybCI6Imh0dHA6Ly90ZXh0dXJlcy5taW5lY3JhZnQubmV0L3RleHR1cmUvMjJkNjc3NjY4ODQwN2FhYzFiNDUxY2Q2OWEwYThiZmRlYzFmOWE3MDFhYjg2YTM5ZDM3NzdlNDQ4NjM5NTAzZSJ9fX0='}]}}}"
                }
              ],
              "conditions": [
                {
                  "condition": "entity_properties",
                  "predicate": {
                    "nbt": "{VillagerData:{profession:'minecraft:fletcher'}}"
                  },
                  "entity": "this"
                }
              ]
            },
            {
              "type": "item",
              "name": "minecraft:player_head",
              "functions": [
                {
                  "function": "set_nbt",
                  "tag": "{SkullOwner:{Id:'fe868730-4537-4f73-8693-981514d97dbc',Name:'Armorer Villager',Properties:{textures:[{Value:'eyJ0ZXh0dXJlcyI6eyJTS0lOIjp7InVybCI6Imh0dHA6Ly90ZXh0dXJlcy5taW5lY3JhZnQubmV0L3RleHR1cmUvOTIzNGY1OWQ5ZGNjYTk2ZDdhNjhiMTUzYjZjMzAxYTRlMDQzZTMzYjUxYzM5YTBmOTQyNDA0N2I0M2JhOGIyOCJ9fX0='}]}}}"
                }
              ],
              "conditions": [
                {
                  "condition": "entity_properties",
                  "predicate": {
                    "nbt": "{VillagerData:{profession:'minecraft:armorer'}}"
                  },
                  "entity": "this"
                }
              ]
            },
            {
              "type": "item",
              "name": "minecraft:player_head",
              "functions": [
                {
                  "function": "set_nbt",
                  "tag": "{SkullOwner:{Id:'904cd86b-71e2-4d48-9518-aec20ef4b18f',Name:'Cleric Villager',Properties:{textures:[{Value:'eyJ0ZXh0dXJlcyI6eyJTS0lOIjp7InVybCI6Imh0dHA6Ly90ZXh0dXJlcy5taW5lY3JhZnQubmV0L3RleHR1cmUvYjRmOGI1ZDJkZGQxYjRmNDkzNmI4MWJlMjZhMzZhNGJjZjA1OWE0ZmE5MzBlNzBlYjBjY2U5MGU1ZmIyMGRhZiJ9fX0='}]}}}"
                }
              ],
              "conditions": [
                {
                  "condition": "entity_properties",
                  "predicate": {
                    "nbt": "{VillagerData:{profession:'minecraft:cleric'}}"
                  },
                  "entity": "this"
                }
              ]
            },
            {
              "type": "item",
              "name": "minecraft:player_head",
              "functions": [
                {
                  "function": "set_nbt",
                  "tag": "{SkullOwner:{Id:'0a9e8efb-9191-4c81-80f5-e27ca5433156',Name:'Mason Villager',Properties:{textures:[{Value:'eyJ0ZXh0dXJlcyI6eyJTS0lOIjp7InVybCI6Imh0dHA6Ly90ZXh0dXJlcy5taW5lY3JhZnQubmV0L3RleHR1cmUvODIyZDhlNzUxYzhmMmZkNGM4OTQyYzQ0YmRiMmY1Y2E0ZDhhZThlNTc1ZWQzZWIzNGMxOGE4NmU5M2IifX19'}]}}}"
                }
              ],
              "conditions": [
                {
                  "condition": "entity_properties",
                  "predicate": {
                    "nbt": "{VillagerData:{profession:'minecraft:mason'}}"
                  },
                  "entity": "this"
                }
              ]
            },
            {
              "type": "item",
              "name": "minecraft:player_head",
              "functions": [
                {
                  "function": "set_nbt",
                  "tag": "{SkullOwner:{Id:'03c56675-9b28-41ed-b48c-3d936fd10ab5',Name:'Weaponsmith Villager',Properties:{textures:[{Value:'eyJ0ZXh0dXJlcyI6eyJTS0lOIjp7InVybCI6Imh0dHA6Ly90ZXh0dXJlcy5taW5lY3JhZnQubmV0L3RleHR1cmUvYzQxMzkyOWMxYzYyNjRiZTkzZGUxNTYyMGU4ZTA0MWMwOWI4MmI4YzAwM2MzZWNiOGJhY2MzNWNlNzY3MGI0MiJ9fX0='}]}}}"
                }
              ],
              "conditions": [
                {
                  "condition": "entity_properties",
                  "predicate": {
                    "nbt": "{VillagerData:{profession:'minecraft:weaponsmith'}}"
                  },
                  "entity": "this"
                }
              ]
            },
            {
              "type": "item",
              "name": "minecraft:player_head",
              "functions": [
                {
                  "function": "set_nbt",
                  "tag": "{SkullOwner:{Id:'aa0c6958-b93a-4c53-8654-affb9d16fd03',Name:'Farmer Villager',Properties:{textures:[{Value:'eyJ0ZXh0dXJlcyI6eyJTS0lOIjp7InVybCI6Imh0dHA6Ly90ZXh0dXJlcy5taW5lY3JhZnQubmV0L3RleHR1cmUvNjgwNzI3ZDM5MGMzYjM0ZDgwOWE0ZDU5MDhjNThiNWVkNmE4OTFiOGJkZDBiY2ExNjA2NWNkNTVmMGQ4ZGUwYyJ9fX0='}]}}}"
                }
              ],
              "conditions": [
                {
                  "condition": "entity_properties",
                  "predicate": {
                    "nbt": "{VillagerData:{profession:'minecraft:farmer'}}"
                  },
                  "entity": "this"
                }
              ]
            },
            {
              "type": "item",
              "name": "minecraft:player_head",
              "functions": [
                {
                  "function": "set_nbt",
                  "tag": "{SkullOwner:{Id:'0a9e8efb-9191-4c81-80f5-e27ca5433156',Name:'Toolsmith Villager',Properties:{textures:[{Value:'eyJ0ZXh0dXJlcyI6eyJTS0lOIjp7InVybCI6Imh0dHA6Ly90ZXh0dXJlcy5taW5lY3JhZnQubmV0L3RleHR1cmUvODIyZDhlNzUxYzhmMmZkNGM4OTQyYzQ0YmRiMmY1Y2E0ZDhhZThlNTc1ZWQzZWIzNGMxOGE4NmU5M2IifX19'}]}}}"
                }
              ],
              "conditions": [
                {
                  "condition": "entity_properties",
                  "predicate": {
                    "nbt": "{VillagerData:{profession:'minecraft:toolsmith'}}"
                  },
                  "entity": "this"
                }
              ]
            },
            {
              "type": "item",
              "name": "minecraft:player_head",
              "functions": [
                {
                  "function": "set_nbt",
                  "tag": "{SkullOwner:{Id:'b726e5c1-1990-4a19-bc37-f3d6ef9f44b4',Name:'Leatherworker Villager',Properties:{textures:[{Value:'eyJ0ZXh0dXJlcyI6eyJTS0lOIjp7InVybCI6Imh0dHA6Ly90ZXh0dXJlcy5taW5lY3JhZnQubmV0L3RleHR1cmUvNTY4ZmNmYjE5YTQ4MDMxODNlZDU3YjNhYjQ4NTYyZGViZGMwZTgwNDkxZTk3NGJiNjI2OTBkZGU5NDIwZDI4YSJ9fX0='}]}}}"
                }
              ],
              "conditions": [
                {
                  "condition": "entity_properties",
                  "predicate": {
                    "nbt": "{VillagerData:{profession:'minecraft:leatherworker'}}"
                  },
                  "entity": "this"
                }
              ]
            },
            {
              "type": "item",
              "name": "minecraft:player_head",
              "functions": [
                {
                  "function": "set_nbt",
                  "tag": "{SkullOwner:{Id:'79232c7a-0527-4c17-a99b-a305b7207973',Name:'Nitwit Villager',Properties:{textures:[{Value:'eyJ0ZXh0dXJlcyI6eyJTS0lOIjp7InVybCI6Imh0dHA6Ly90ZXh0dXJlcy5taW5lY3JhZnQubmV0L3RleHR1cmUvNDU0MWU4ZWJjODgxYzhhMDJmZTRhZjQ0ZjI5MjhlYTkxODhiNTM5ZmQ1NjFiNWIzZmQ3MzE4OTZjMzNiYjUyNCJ9fX0='}]}}}"
                }
              ],
              "conditions": [
                {
                  "condition": "entity_properties",
                  "predicate": {
                    "nbt": "{VillagerData:{profession:'minecraft:nitwit'}}"
                  },
                  "entity": "this"
                }
              ]
            }
          ]
        }
      ]
    }
  ]
}