{
  "type": "minecraft:entity",
  "pools": [
    {
      "rolls": 1,
      "entries": [
        {
          "type": "minecraft:item",
          "functions": [
            {
              "function": "minecraft:set_count",
              "count": {
                "min": 0.0,
                "max": 2.0,
                "type": "minecraft:uniform"
              }
            },
            {
              "function": "minecraft:looting_enchant",
              "count": {
                "min": 0.0,
                "max": 1.0
              }
            }
          ],
          "name": "minecraft:rotten_flesh"
        }
      ]
    },
    {
      "rolls": 1,
      "entries": [
        {
          "type": "minecraft:item",
          "name": "minecraft:iron_ingot"
        },
        {
          "type": "minecraft:item",
          "name": "minecraft:carrot"
        },
        {
          "type": "minecraft:item",
          "name": "minecraft:potato"
        }
      ],
      "conditions": [
        {
          "condition": "minecraft:killed_by_player"
        },
        {
          "condition": "minecraft:random_chance_with_looting",
          "chance": 0.025,
          "looting_multiplier": 0.01
        }
      ]
    },
    {
      "rolls": 1,
      "entries": [
        {
          "type": "minecraft:alternatives",
          "conditions": [
            {
              "condition": "killed_by_player"
            },
            {
              "condition": "random_chance_with_looting",
              "chance": 0.01,
              "looting_multiplier": 0.013
            }
          ],
          "children": [
            {
              "type": "item",
              "name": "minecraft:player_head",
              "functions": [
                {
                  "function": "set_nbt",
                  "tag": "{SkullOwner:{Id:'dd1b157c-d732-4d1c-8185-da205188a8cf',Name:'Zombie Villager',Properties:{textures:[{Value:'eyJ0ZXh0dXJlcyI6eyJTS0lOIjp7InVybCI6Imh0dHA6Ly90ZXh0dXJlcy5taW5lY3JhZnQubmV0L3RleHR1cmUvZTVlMDhhODc3NmMxNzY0YzNmZTZhNmRkZDQxMmRmY2I4N2Y0MTMzMWRhZDQ3OWFjOTZjMjFkZjRiZjNhYzg5YyJ9fX0='}]}}}"
                }
              ],
              "conditions": [
                {
                  "condition": "entity_properties",
                  "predicate": {
                    "nbt": "{VillagerData:{profession:'minecraft:none'}}"
                  },
                  "entity": "this"
                }
              ]
            },
            {
              "type": "item",
              "name": "minecraft:player_head",
              "functions": [
                {
                  "function": "set_nbt",
                  "tag": "{SkullOwner:{Id:'25ffab50-f6a8-4834-8cd9-177f6d3d5a7f',Name:'Zombie Cartographer',Properties:{textures:[{Value:'eyJ0ZXh0dXJlcyI6eyJTS0lOIjp7InVybCI6Imh0dHA6Ly90ZXh0dXJlcy5taW5lY3JhZnQubmV0L3RleHR1cmUvZTYwODAwYjAxMDEyZTk2M2U3YzIwYzhiYTE0YjcwYTAyNjRkMTQ2YTg1MGRlZmZiY2E3YmZlNTEyZjRjYjIzZCJ9fX0='}]}}}"
                }
              ],
              "conditions": [
                {
                  "condition": "entity_properties",
                  "predicate": {
                    "nbt": "{VillagerData:{profession:'minecraft:cartographer'}}"
                  },
                  "entity": "this"
                }
              ]
            },
            {
              "type": "item",
              "name": "minecraft:player_head",
              "functions": [
                {
                  "function": "set_nbt",
                  "tag": "{SkullOwner:{Id:'fff1ae02-6633-48e5-9dd3-4566b55f33f6',Name:'Zombie Librarian',Properties:{textures:[{Value:'eyJ0ZXh0dXJlcyI6eyJTS0lOIjp7InVybCI6Imh0dHA6Ly90ZXh0dXJlcy5taW5lY3JhZnQubmV0L3RleHR1cmUvNjIyMTFhMWY0MDljY2E0MjQ5YzcwZDIwY2E4MDM5OWZhNDg0NGVhNDE3NDU4YmU5ODhjYzIxZWI0Nzk3Mzc1ZSJ9fX0='}]}}}"
                }
              ],
              "conditions": [
                {
                  "condition": "entity_properties",
                  "predicate": {
                    "nbt": "{VillagerData:{profession:'minecraft:librarian'}}"
                  },
                  "entity": "this"
                }
              ]
            },
            {
              "type": "item",
              "name": "minecraft:player_head",
              "functions": [
                {
                  "function": "set_nbt",
                  "tag": "{SkullOwner:{Id:'5b07a887-5285-444c-9f49-b55633e7e358',Name:'Zombie Shepherd',Properties:{textures:[{Value:'eyJ0ZXh0dXJlcyI6eyJTS0lOIjp7InVybCI6Imh0dHA6Ly90ZXh0dXJlcy5taW5lY3JhZnQubmV0L3RleHR1cmUvNjkxMzkxYmVmM2E0NmVmMjY3ZDNiNzE3MTA4NmJhNGM4ZDE3ZjJhNmIwZjgzZmEyYWMzMGVmZTkxNGI3YzI0OSJ9fX0='}]}}}"
                }
              ],
              "conditions": [
                {
                  "condition": "entity_properties",
                  "predicate": {
                    "nbt": "{VillagerData:{profession:'minecraft:shepherd'}}"
                  },
                  "entity": "this"
                }
              ]
            },
            {
              "type": "item",
              "name": "minecraft:player_head",
              "functions": [
                {
                  "function": "set_nbt",
                  "tag": "{SkullOwner:{Id:'702f40ae-447d-4ea8-b6e4-d39bcd59de6f',Name:'Zombie Fisherman',Properties:{textures:[{Value:'eyJ0ZXh0dXJlcyI6eyJTS0lOIjp7InVybCI6Imh0dHA6Ly90ZXh0dXJlcy5taW5lY3JhZnQubmV0L3RleHR1cmUvNjkwNWQ1M2ZlNGZhZWIwYjMxNWE2ODc4YzlhYjgxYjRiZTUyYzMxY2Q0NzhjMDI3ZjBkN2VjZTlmNmRhODkxNCJ9fX0='}]}}}"
                }
              ],
              "conditions": [
                {
                  "condition": "entity_properties",
                  "predicate": {
                    "nbt": "{VillagerData:{profession:'minecraft:fisherman'}}"
                  },
                  "entity": "this"
                }
              ]
            },
            {
              "type": "item",
              "name": "minecraft:player_head",
              "functions": [
                {
                  "function": "set_nbt",
                  "tag": "{SkullOwner:{Id:'cecebb1b-d03a-436a-a67c-1df900eabe19',Name:'Zombie Butcher',Properties:{textures:[{Value:'eyJ0ZXh0dXJlcyI6eyJTS0lOIjp7InVybCI6Imh0dHA6Ly90ZXh0dXJlcy5taW5lY3JhZnQubmV0L3RleHR1cmUvOWNjZThkNmNlNDEyNGNlYzNlODRhODUyZTcwZjUwMjkzZjI0NGRkYzllZTg1NzhmN2Q2ZDg5MjllMTZiYWQ2OSJ9fX0='}]}}}"
                }
              ],
              "conditions": [
                {
                  "condition": "entity_properties",
                  "predicate": {
                    "nbt": "{VillagerData:{profession:'minecraft:butcher'}}"
                  },
                  "entity": "this"
                }
              ]
            },
            {
              "type": "item",
              "name": "minecraft:player_head",
              "functions": [
                {
                  "function": "set_nbt",
                  "tag": "{SkullOwner:{Id:'b629eeab-cb2c-431d-aba2-f080b3150cbd',Name:'Zombie Fletcher',Properties:{textures:[{Value:'eyJ0ZXh0dXJlcyI6eyJTS0lOIjp7InVybCI6Imh0dHA6Ly90ZXh0dXJlcy5taW5lY3JhZnQubmV0L3RleHR1cmUvMmVhMjZhYzBlMjU0OThhZGFkYTRlY2VhNThiYjRlNzZkYTMyZDVjYTJkZTMwN2VmZTVlNDIxOGZiN2M1ZWY4OSJ9fX0='}]}}}"
                }
              ],
              "conditions": [
                {
                  "condition": "entity_properties",
                  "predicate": {
                    "nbt": "{VillagerData:{profession:'minecraft:fletcher'}}"
                  },
                  "entity": "this"
                }
              ]
            },
            {
              "type": "item",
              "name": "minecraft:player_head",
              "functions": [
                {
                  "function": "set_nbt",
                  "tag": "{SkullOwner:{Id:'acd43bc3-abec-4f2c-bd5d-09433dcdb21b',Name:'Zombie Armorer',Properties:{textures:[{Value:'eyJ0ZXh0dXJlcyI6eyJTS0lOIjp7InVybCI6Imh0dHA6Ly90ZXh0dXJlcy5taW5lY3JhZnQubmV0L3RleHR1cmUvYzg2NzllMDM0NzY3ZDUxODY2MGQ5NDE2ZGM1ZWFmMzE5ZDY5NzY4MmFjNDBjODg2ZTNjMmJjOGRmYTFkZTFkIn19fQ=='}]}}}"
                }
              ],
              "conditions": [
                {
                  "condition": "entity_properties",
                  "predicate": {
                    "nbt": "{VillagerData:{profession:'minecraft:armorer'}}"
                  },
                  "entity": "this"
                }
              ]
            },
            {
              "type": "item",
              "name": "minecraft:player_head",
              "functions": [
                {
                  "function": "set_nbt",
                  "tag": "{SkullOwner:{Id:'5237080b-d4c2-4dd7-a802-262d94dee724',Name:'Zombie Cleric',Properties:{textures:[{Value:'eyJ0ZXh0dXJlcyI6eyJTS0lOIjp7InVybCI6Imh0dHA6Ly90ZXh0dXJlcy5taW5lY3JhZnQubmV0L3RleHR1cmUvMjk1ODU3OGJlMGUxMjE3MjczNGE3ODI0MmRhYjE0OTY0YWJjODVhYjliNTk2MzYxZjdjNWRhZjhmMTRhMGZlYiJ9fX0='}]}}}"
                }
              ],
              "conditions": [
                {
                  "condition": "entity_properties",
                  "predicate": {
                    "nbt": "{VillagerData:{profession:'minecraft:cleric'}}"
                  },
                  "entity": "this"
                }
              ]
            },
            {
              "type": "item",
              "name": "minecraft:player_head",
              "functions": [
                {
                  "function": "set_nbt",
                  "tag": "{SkullOwner:{Id:'92130c07-3294-4cef-b053-2798548632f3',Name:'Zombie Mason',Properties:{textures:[{Value:'eyJ0ZXh0dXJlcyI6eyJTS0lOIjp7InVybCI6Imh0dHA6Ly90ZXh0dXJlcy5taW5lY3JhZnQubmV0L3RleHR1cmUvZmI1NTJjOTBmMjEyZTg1NWQxMjI1NWQ1Y2Q2MmVkMzhiOWNkN2UzMGU3M2YwZWE3NzlkMTc2NDMzMGU2OTI2NCJ9fX0='}]}}}"
                }
              ],
              "conditions": [
                {
                  "condition": "entity_properties",
                  "predicate": {
                    "nbt": "{VillagerData:{profession:'minecraft:mason'}}"
                  },
                  "entity": "this"
                }
              ]
            },
            {
              "type": "item",
              "name": "minecraft:player_head",
              "functions": [
                {
                  "function": "set_nbt",
                  "tag": "{SkullOwner:{Id:'833082ea-271b-41ba-9700-67b54088b9dd',Name:'Zombie Weaponsmith',Properties:{textures:[{Value:'eyJ0ZXh0dXJlcyI6eyJTS0lOIjp7InVybCI6Imh0dHA6Ly90ZXh0dXJlcy5taW5lY3JhZnQubmV0L3RleHR1cmUvNDM3MDg5NGI1Y2MzMDVkODdhYTA4YzNiNGIwODU4N2RiNjhmZjI5ZTdhM2VmMzU0Y2FkNmFiY2E1MGU1NTI4YiJ9fX0='}]}}}"
                }
              ],
              "conditions": [
                {
                  "condition": "entity_properties",
                  "predicate": {
                    "nbt": "{VillagerData:{profession:'minecraft:weaponsmith'}}"
                  },
                  "entity": "this"
                }
              ]
            },
            {
              "type": "item",
              "name": "minecraft:player_head",
              "functions": [
                {
                  "function": "set_nbt",
                  "tag": "{SkullOwner:{Id:'2552addb-1d01-4f7b-99ea-db5d95136de0',Name:'Zombie Farmer',Properties:{textures:[{Value:'eyJ0ZXh0dXJlcyI6eyJTS0lOIjp7InVybCI6Imh0dHA6Ly90ZXh0dXJlcy5taW5lY3JhZnQubmV0L3RleHR1cmUvZjc3ZDQxNWY5YmFhNGZhNGI1ZTA1OGY1YjgxYmY3ZjAwM2IwYTJjOTBhNDgzMWU1M2E3ZGJjMDk4NDFjNTUxMSJ9fX0='}]}}}"
                }
              ],
              "conditions": [
                {
                  "condition": "entity_properties",
                  "predicate": {
                    "nbt": "{VillagerData:{profession:'minecraft:farmer'}}"
                  },
                  "entity": "this"
                }
              ]
            },
            {
              "type": "item",
              "name": "minecraft:player_head",
              "functions": [
                {
                  "function": "set_nbt",
                  "tag": "{SkullOwner:{Id:'54962813-2206-40e6-b328-1f0f4fbb70de',Name:'Zombie Toolsmith',Properties:{textures:[{Value:'eyJ0ZXh0dXJlcyI6eyJTS0lOIjp7InVybCI6Imh0dHA6Ly90ZXh0dXJlcy5taW5lY3JhZnQubmV0L3RleHR1cmUvMzAwODkzZDMxYWNkMGU4NDIzMjkyZDQxMTNjZTkxZTI3M2QxZTU3ZTVlMTA0YmFhZmM4NTNiMmU4NjRjYjQzZiJ9fX0='}]}}}"
                }
              ],
              "conditions": [
                {
                  "condition": "entity_properties",
                  "predicate": {
                    "nbt": "{VillagerData:{profession:'minecraft:toolsmith'}}"
                  },
                  "entity": "this"
                }
              ]
            },
            {
              "type": "item",
              "name": "minecraft:player_head",
              "functions": [
                {
                  "function": "set_nbt",
                  "tag": "{SkullOwner:{Id:'92130c07-3294-4cef-b053-2798548632f3',Name:'Zombie Leatherworker',Properties:{textures:[{Value:'eyJ0ZXh0dXJlcyI6eyJTS0lOIjp7InVybCI6Imh0dHA6Ly90ZXh0dXJlcy5taW5lY3JhZnQubmV0L3RleHR1cmUvZmI1NTJjOTBmMjEyZTg1NWQxMjI1NWQ1Y2Q2MmVkMzhiOWNkN2UzMGU3M2YwZWE3NzlkMTc2NDMzMGU2OTI2NCJ9fX0='}]}}}"
                }
              ],
              "conditions": [
                {
                  "condition": "entity_properties",
                  "predicate": {
                    "nbt": "{VillagerData:{profession:'minecraft:leatherworker'}}"
                  },
                  "entity": "this"
                }
              ]
            },
            {
              "type": "item",
              "name": "minecraft:player_head",
              "functions": [
                {
                  "function": "set_nbt",
                  "tag": "{SkullOwner:{Id:'92130c07-3294-4cef-b053-2798548632f3',Name:'Zombie Nitwit',Properties:{textures:[{Value:'eyJ0ZXh0dXJlcyI6eyJTS0lOIjp7InVybCI6Imh0dHA6Ly90ZXh0dXJlcy5taW5lY3JhZnQubmV0L3RleHR1cmUvZmI1NTJjOTBmMjEyZTg1NWQxMjI1NWQ1Y2Q2MmVkMzhiOWNkN2UzMGU3M2YwZWE3NzlkMTc2NDMzMGU2OTI2NCJ9fX0='}]}}}"
                }
              ],
              "conditions": [
                {
                  "condition": "entity_properties",
                  "predicate": {
                    "nbt": "{VillagerData:{profession:'minecraft:nitwit'}}"
                  },
                  "entity": "this"
                }
              ]
            }
          ]
        }
      ]
    }
  ]
}