{
  "type": "minecraft:entity",
  "pools": [
    {
      "rolls": 1,
      "entries": [
        {
          "type": "minecraft:alternatives",
          "conditions": [
            {
              "condition": "killed_by_player"
            },
            {
              "condition": "random_chance_with_looting",
              "chance": 0.13,
              "looting_multiplier": 0.035
            }
          ],
          "children": [
            {
              "type": "item",
              "name": "minecraft:player_head",
              "functions": [
                {
                  "function": "set_nbt",
                  "tag": "{SkullOwner:{Name:'Fox',Id:'237a2651-7da8-457a-aaea-3714bcc196a2',Properties:{textures:[{Value:'eyJ0ZXh0dXJlcyI6eyJTS0lOIjp7InVybCI6Imh0dHA6Ly90ZXh0dXJlcy5taW5lY3JhZnQubmV0L3RleHR1cmUvZDg5NTRhNDJlNjllMDg4MWFlNmQyNGQ0MjgxNDU5YzE0NGEwZDVhOTY4YWVkMzVkNmQzZDczYTNjNjVkMjZhIn19fQ=='}]}}}"
                }
              ],
              "conditions": [
                {
                  "condition": "entity_properties",
                  "predicate": {
                    "nbt": "{Type:'red',Sleeping:0b}"
                  },
                  "entity": "this"
                }
              ]
            },
            {
              "type": "item",
              "name": "minecraft:player_head",
              "functions": [
                {
                  "function": "set_nbt",
                  "tag": "{SkullOwner:{Name:'Sleeping Fox',Id:'ab2ccf4c-ada8-48f9-83d0-93763d932be5',Properties:{textures:[{Value:'eyJ0ZXh0dXJlcyI6eyJTS0lOIjp7InVybCI6Imh0dHA6Ly90ZXh0dXJlcy5taW5lY3JhZnQubmV0L3RleHR1cmUvNzk3NTM4YzBlOWE4YzJjMzRiYzIwYjAzYzYyMTI0YjM3MWUxNDY2MTVjNTk1OTliMmU1Mzk5ZmQxZWU4YzA4MiJ9fX0='}]}}}"
                }
              ],
              "conditions": [
                {
                  "condition": "entity_properties",
                  "predicate": {
                    "nbt": "{Type:'red',Sleeping:1b}"
                  },
                  "entity": "this"
                }
              ]
            },
            {
              "type": "item",
              "name": "minecraft:player_head",
              "functions": [
                {
                  "function": "set_nbt",
                  "tag": "{SkullOwner:{Name:'Snow Fox',Id:'b28c7bb1-b6a9-497b-8a2d-336876e85a9d',Properties:{textures:[{Value:'eyJ0ZXh0dXJlcyI6eyJTS0lOIjp7InVybCI6Imh0dHA6Ly90ZXh0dXJlcy5taW5lY3JhZnQubmV0L3RleHR1cmUvNDE0MzYzNzdlYjRjNGI0ZTM5ZmIwZTFlZDg4OTlmYjYxZWUxODE0YTkxNjliOGQwODcyOWVmMDFkYzg1ZDFiYSJ9fX0='}]}}}"
                }
              ],
              "conditions": [
                {
                  "condition": "entity_properties",
                  "predicate": {
                    "nbt": "{Type:'snow',Sleeping:0b}"
                  },
                  "entity": "this"
                }
              ]
            },
            {
              "type": "item",
              "name": "minecraft:player_head",
              "functions": [
                {
                  "function": "set_nbt",
                  "tag": "{SkullOwner:{Name:'Sleeping Snow Fox',Id:'3f108617-ff2d-4de0-99a5-29aaed5833bc',Properties:{textures:[{Value:'eyJ0ZXh0dXJlcyI6eyJTS0lOIjp7InVybCI6Imh0dHA6Ly90ZXh0dXJlcy5taW5lY3JhZnQubmV0L3RleHR1cmUvYjUzNDVhNTIwOWI2MjZkNjk5OTlmZGFmOWI3NjczNWQ2MDRhMWExODk5NjhlNmI4OWI0ZWQ1ZGJkMGZmMTA2YiJ9fX0='}]}}}"
                }
              ],
              "conditions": [
                {
                  "condition": "entity_properties",
                  "predicate": {
                    "nbt": "{Type:'snow',Sleeping:1b}"
                  },
                  "entity": "this"
                }
              ]
            }
          ]
        }
      ]
    }
  ]
}