{
  "type": "minecraft:entity",
  "pools": [
    {
      "rolls": 1,
      "entries": [
        {
          "type": "minecraft:item",
          "functions": [
            {
              "function": "minecraft:set_count",
              "count": {
                "min": 0.0,
                "max": 2.0,
                "type": "minecraft:uniform"
              }
            },
            {
              "function": "minecraft:looting_enchant",
              "count": {
                "min": 0.0,
                "max": 1.0
              }
            }
          ],
          "name": "minecraft:leather"
        }
      ]
    },
    {
      "rolls": 1,
      "entries": [
        {
          "type": "minecraft:alternatives",
          "conditions": [
            {
              "condition": "killed_by_player"
            },
            {
              "condition": "random_chance_with_looting",
              "chance": 0.13,
              "looting_multiplier": 0.035
            }
          ],
          "children": [
            {
              "type": "item",
              "name": "minecraft:player_head",
              "functions": [
                {
                  "function": "set_nbt",
                  "tag": "{SkullOwner:{Name:'White Horse',Id:'d941cb68-8842-4f78-bdf8-5f1d3c6e7ac0',Properties:{textures:[{Value:'eyJ0ZXh0dXJlcyI6eyJTS0lOIjp7InVybCI6Imh0dHA6Ly90ZXh0dXJlcy5taW5lY3JhZnQubmV0L3RleHR1cmUvNjBhMmRiMmYxZWI5M2U1OTc4ZDJkYzkxYTc0ZGY0M2Q3Yjc1ZDllYzBlNjk0ZmQ3ZjJhNjUyZmJkMTUifX19'}]}}}"
                }
              ],
              "conditions": [
                {
                  "condition": "entity_properties",
                  "predicate": {
                    "nbt": "{Variant:0}"
                  },
                  "entity": "this"
                }
              ]
            },
            {
              "type": "item",
              "name": "minecraft:player_head",
              "functions": [
                {
                  "function": "set_nbt",
                  "tag": "{SkullOwner:{Name:'Creamy Horse',Id:'65e8bd32-6f48-4b92-ab48-fe1add6b67d1',Properties:{textures:[{Value:'eyJ0ZXh0dXJlcyI6eyJTS0lOIjp7InVybCI6Imh0dHA6Ly90ZXh0dXJlcy5taW5lY3JhZnQubmV0L3RleHR1cmUvNjI4ZDFhYjRiZTFlMjhiN2I0NjFmZGVhNDYzODFhYzM2M2E3ZTVjMzU5MWM5ZTVkMjY4M2ZiZTFlYzlmY2QzIn19fQ=='}]}}}"
                }
              ],
              "conditions": [
                {
                  "condition": "entity_properties",
                  "predicate": {
                    "nbt": "{Variant:1}"
                  },
                  "entity": "this"
                }
              ]
            },
            {
              "type": "item",
              "name": "minecraft:player_head",
              "functions": [
                {
                  "function": "set_nbt",
                  "tag": "{SkullOwner:{Name:'Chestnut Horse',Id:'5a2546e1-2213-4f2a-8cbe-5ffddf3e7269',Properties:{textures:[{Value:'eyJ0ZXh0dXJlcyI6eyJTS0lOIjp7InVybCI6Imh0dHA6Ly90ZXh0dXJlcy5taW5lY3JhZnQubmV0L3RleHR1cmUvYjY2YjJiMzJkMzE1MzljNzM4M2Q5MjNiYWU0ZmFhZjY1ZGE2NzE1Y2Q1MjZjMzVkMmU0ZTY4MjVkYTExZmIifX19'}]}}}"
                }
              ],
              "conditions": [
                {
                  "condition": "entity_properties",
                  "predicate": {
                    "nbt": "{Variant:2}"
                  },
                  "entity": "this"
                }
              ]
            },
            {
              "type": "item",
              "name": "minecraft:player_head",
              "functions": [
                {
                  "function": "set_nbt",
                  "tag": "{SkullOwner:{Name:'Brown Horse',Id:'2dcb4f55-ab85-48ba-b7d2-7b57d3ec7bfa',Properties:{textures:[{Value:'eyJ0ZXh0dXJlcyI6eyJTS0lOIjp7InVybCI6Imh0dHA6Ly90ZXh0dXJlcy5taW5lY3JhZnQubmV0L3RleHR1cmUvOGE1ZmFiYmNiYzU0ODE5NzZmYjkzOGE1MTllYWQ1OWVlZWUyYTA3MWRmMjk3Mzg0YThmZTk2Nzg4YTlkZjVhNiJ9fX0='}]}}}"
                }
              ],
              "conditions": [
                {
                  "condition": "entity_properties",
                  "predicate": {
                    "nbt": "{Variant:3}"
                  },
                  "entity": "this"
                }
              ]
            },
            {
              "type": "item",
              "name": "minecraft:player_head",
              "functions": [
                {
                  "function": "set_nbt",
                  "tag": "{SkullOwner:{Name:'Black Horse',Id:'4083cd58-1325-4bfa-9efb-5b8b93a02493',Properties:{textures:[{Value:'eyJ0ZXh0dXJlcyI6eyJTS0lOIjp7InVybCI6Imh0dHA6Ly90ZXh0dXJlcy5taW5lY3JhZnQubmV0L3RleHR1cmUvNjRiN2ZjNWY3YTlkZGZkZDFhYTc5MzE3NDEwZmMxOTI5ZjkxYmRkZjk4NTg1OTM4YTJhNTYxOTlhNjMzY2MifX19'}]}}}"
                }
              ],
              "conditions": [
                {
                  "condition": "entity_properties",
                  "predicate": {
                    "nbt": "{Variant:4}"
                  },
                  "entity": "this"
                }
              ]
            },
            {
              "type": "item",
              "name": "minecraft:player_head",
              "functions": [
                {
                  "function": "set_nbt",
                  "tag": "{SkullOwner:{Name:'Gray Horse',Id:'b600f9c3-9c3f-4e3c-828c-3ebb6414eaa7',Properties:{textures:[{Value:'eyJ0ZXh0dXJlcyI6eyJTS0lOIjp7InVybCI6Imh0dHA6Ly90ZXh0dXJlcy5taW5lY3JhZnQubmV0L3RleHR1cmUvNDEzODEzZGQ0NWVkMGVmODM4NDQ4Y2Y2ZjYzMWMxNTdjMjNmOTY1MGM1YWU0NTFlOTc4YTUzMzgzMzEyZmUifX19'}]}}}"
                }
              ],
              "conditions": [
                {
                  "condition": "entity_properties",
                  "predicate": {
                    "nbt": "{Variant:5}"
                  },
                  "entity": "this"
                }
              ]
            },
            {
              "type": "item",
              "name": "minecraft:player_head",
              "functions": [
                {
                  "function": "set_nbt",
                  "tag": "{SkullOwner:{Name:'Dark Brown Horse',Id:'c6abc94e-a5ff-45fe-a0d7-4e479f290a6f',Properties:{textures:[{Value:'eyJ0ZXh0dXJlcyI6eyJTS0lOIjp7InVybCI6Imh0dHA6Ly90ZXh0dXJlcy5taW5lY3JhZnQubmV0L3RleHR1cmUvNDJlYjk2N2FiOTRmZGQ0MWE2MzI1ZjEyNzdkNmRjMDE5MjI2ZTVjZjM0OTc3ZWVlNjk1OTdmYWZjZjVlIn19fQ=='}]}}}"
                }
              ],
              "conditions": [
                {
                  "condition": "entity_properties",
                  "predicate": {
                    "nbt": "{Variant:6}"
                  },
                  "entity": "this"
                }
              ]
            },
            {
              "type": "item",
              "name": "minecraft:player_head",
              "functions": [
                {
                  "function": "set_nbt",
                  "tag": "{SkullOwner:{Name:'White Horse',Id:'d941cb68-8842-4f78-bdf8-5f1d3c6e7ac0',Properties:{textures:[{Value:'eyJ0ZXh0dXJlcyI6eyJTS0lOIjp7InVybCI6Imh0dHA6Ly90ZXh0dXJlcy5taW5lY3JhZnQubmV0L3RleHR1cmUvNjBhMmRiMmYxZWI5M2U1OTc4ZDJkYzkxYTc0ZGY0M2Q3Yjc1ZDllYzBlNjk0ZmQ3ZjJhNjUyZmJkMTUifX19'}]}}}"
                }
              ],
              "conditions": [
                {
                  "condition": "entity_properties",
                  "predicate": {
                    "nbt": "{Variant:256}"
                  },
                  "entity": "this"
                }
              ]
            },
            {
              "type": "item",
              "name": "minecraft:player_head",
              "functions": [
                {
                  "function": "set_nbt",
                  "tag": "{SkullOwner:{Name:'White Horse',Id:'d941cb68-8842-4f78-bdf8-5f1d3c6e7ac0',Properties:{textures:[{Value:'eyJ0ZXh0dXJlcyI6eyJTS0lOIjp7InVybCI6Imh0dHA6Ly90ZXh0dXJlcy5taW5lY3JhZnQubmV0L3RleHR1cmUvNjBhMmRiMmYxZWI5M2U1OTc4ZDJkYzkxYTc0ZGY0M2Q3Yjc1ZDllYzBlNjk0ZmQ3ZjJhNjUyZmJkMTUifX19'}]}}}"
                }
              ],
              "conditions": [
                {
                  "condition": "entity_properties",
                  "predicate": {
                    "nbt": "{Variant:512}"
                  },
                  "entity": "this"
                }
              ]
            },
            {
              "type": "item",
              "name": "minecraft:player_head",
              "functions": [
                {
                  "function": "set_nbt",
                  "tag": "{SkullOwner:{Name:'White Horse',Id:'d941cb68-8842-4f78-bdf8-5f1d3c6e7ac0',Properties:{textures:[{Value:'eyJ0ZXh0dXJlcyI6eyJTS0lOIjp7InVybCI6Imh0dHA6Ly90ZXh0dXJlcy5taW5lY3JhZnQubmV0L3RleHR1cmUvNjBhMmRiMmYxZWI5M2U1OTc4ZDJkYzkxYTc0ZGY0M2Q3Yjc1ZDllYzBlNjk0ZmQ3ZjJhNjUyZmJkMTUifX19'}]}}}"
                }
              ],
              "conditions": [
                {
                  "condition": "entity_properties",
                  "predicate": {
                    "nbt": "{Variant:768}"
                  },
                  "entity": "this"
                }
              ]
            },
            {
              "type": "item",
              "name": "minecraft:player_head",
              "functions": [
                {
                  "function": "set_nbt",
                  "tag": "{SkullOwner:{Name:'White Horse',Id:'d941cb68-8842-4f78-bdf8-5f1d3c6e7ac0',Properties:{textures:[{Value:'eyJ0ZXh0dXJlcyI6eyJTS0lOIjp7InVybCI6Imh0dHA6Ly90ZXh0dXJlcy5taW5lY3JhZnQubmV0L3RleHR1cmUvNjBhMmRiMmYxZWI5M2U1OTc4ZDJkYzkxYTc0ZGY0M2Q3Yjc1ZDllYzBlNjk0ZmQ3ZjJhNjUyZmJkMTUifX19'}]}}}"
                }
              ],
              "conditions": [
                {
                  "condition": "entity_properties",
                  "predicate": {
                    "nbt": "{Variant:1024}"
                  },
                  "entity": "this"
                }
              ]
            },
            {
              "type": "item",
              "name": "minecraft:player_head",
              "functions": [
                {
                  "function": "set_nbt",
                  "tag": "{SkullOwner:{Name:'Creamy Horse',Id:'65e8bd32-6f48-4b92-ab48-fe1add6b67d1',Properties:{textures:[{Value:'eyJ0ZXh0dXJlcyI6eyJTS0lOIjp7InVybCI6Imh0dHA6Ly90ZXh0dXJlcy5taW5lY3JhZnQubmV0L3RleHR1cmUvNjI4ZDFhYjRiZTFlMjhiN2I0NjFmZGVhNDYzODFhYzM2M2E3ZTVjMzU5MWM5ZTVkMjY4M2ZiZTFlYzlmY2QzIn19fQ=='}]}}}"
                }
              ],
              "conditions": [
                {
                  "condition": "entity_properties",
                  "predicate": {
                    "nbt": "{Variant:257}"
                  },
                  "entity": "this"
                }
              ]
            },
            {
              "type": "item",
              "name": "minecraft:player_head",
              "functions": [
                {
                  "function": "set_nbt",
                  "tag": "{SkullOwner:{Name:'Creamy Horse',Id:'65e8bd32-6f48-4b92-ab48-fe1add6b67d1',Properties:{textures:[{Value:'eyJ0ZXh0dXJlcyI6eyJTS0lOIjp7InVybCI6Imh0dHA6Ly90ZXh0dXJlcy5taW5lY3JhZnQubmV0L3RleHR1cmUvNjI4ZDFhYjRiZTFlMjhiN2I0NjFmZGVhNDYzODFhYzM2M2E3ZTVjMzU5MWM5ZTVkMjY4M2ZiZTFlYzlmY2QzIn19fQ=='}]}}}"
                }
              ],
              "conditions": [
                {
                  "condition": "entity_properties",
                  "predicate": {
                    "nbt": "{Variant:513}"
                  },
                  "entity": "this"
                }
              ]
            },
            {
              "type": "item",
              "name": "minecraft:player_head",
              "functions": [
                {
                  "function": "set_nbt",
                  "tag": "{SkullOwner:{Name:'Creamy Horse',Id:'65e8bd32-6f48-4b92-ab48-fe1add6b67d1',Properties:{textures:[{Value:'eyJ0ZXh0dXJlcyI6eyJTS0lOIjp7InVybCI6Imh0dHA6Ly90ZXh0dXJlcy5taW5lY3JhZnQubmV0L3RleHR1cmUvNjI4ZDFhYjRiZTFlMjhiN2I0NjFmZGVhNDYzODFhYzM2M2E3ZTVjMzU5MWM5ZTVkMjY4M2ZiZTFlYzlmY2QzIn19fQ=='}]}}}"
                }
              ],
              "conditions": [
                {
                  "condition": "entity_properties",
                  "predicate": {
                    "nbt": "{Variant:769}"
                  },
                  "entity": "this"
                }
              ]
            },
            {
              "type": "item",
              "name": "minecraft:player_head",
              "functions": [
                {
                  "function": "set_nbt",
                  "tag": "{SkullOwner:{Name:'Creamy Horse',Id:'65e8bd32-6f48-4b92-ab48-fe1add6b67d1',Properties:{textures:[{Value:'eyJ0ZXh0dXJlcyI6eyJTS0lOIjp7InVybCI6Imh0dHA6Ly90ZXh0dXJlcy5taW5lY3JhZnQubmV0L3RleHR1cmUvNjI4ZDFhYjRiZTFlMjhiN2I0NjFmZGVhNDYzODFhYzM2M2E3ZTVjMzU5MWM5ZTVkMjY4M2ZiZTFlYzlmY2QzIn19fQ=='}]}}}"
                }
              ],
              "conditions": [
                {
                  "condition": "entity_properties",
                  "predicate": {
                    "nbt": "{Variant:1025}"
                  },
                  "entity": "this"
                }
              ]
            },
            {
              "type": "item",
              "name": "minecraft:player_head",
              "functions": [
                {
                  "function": "set_nbt",
                  "tag": "{SkullOwner:{Name:'Chestnut Horse',Id:'5a2546e1-2213-4f2a-8cbe-5ffddf3e7269',Properties:{textures:[{Value:'eyJ0ZXh0dXJlcyI6eyJTS0lOIjp7InVybCI6Imh0dHA6Ly90ZXh0dXJlcy5taW5lY3JhZnQubmV0L3RleHR1cmUvYjY2YjJiMzJkMzE1MzljNzM4M2Q5MjNiYWU0ZmFhZjY1ZGE2NzE1Y2Q1MjZjMzVkMmU0ZTY4MjVkYTExZmIifX19'}]}}}"
                }
              ],
              "conditions": [
                {
                  "condition": "entity_properties",
                  "predicate": {
                    "nbt": "{Variant:258}"
                  },
                  "entity": "this"
                }
              ]
            },
            {
              "type": "item",
              "name": "minecraft:player_head",
              "functions": [
                {
                  "function": "set_nbt",
                  "tag": "{SkullOwner:{Name:'Chestnut Horse',Id:'5a2546e1-2213-4f2a-8cbe-5ffddf3e7269',Properties:{textures:[{Value:'eyJ0ZXh0dXJlcyI6eyJTS0lOIjp7InVybCI6Imh0dHA6Ly90ZXh0dXJlcy5taW5lY3JhZnQubmV0L3RleHR1cmUvYjY2YjJiMzJkMzE1MzljNzM4M2Q5MjNiYWU0ZmFhZjY1ZGE2NzE1Y2Q1MjZjMzVkMmU0ZTY4MjVkYTExZmIifX19'}]}}}"
                }
              ],
              "conditions": [
                {
                  "condition": "entity_properties",
                  "predicate": {
                    "nbt": "{Variant:514}"
                  },
                  "entity": "this"
                }
              ]
            },
            {
              "type": "item",
              "name": "minecraft:player_head",
              "functions": [
                {
                  "function": "set_nbt",
                  "tag": "{SkullOwner:{Name:'Chestnut Horse',Id:'5a2546e1-2213-4f2a-8cbe-5ffddf3e7269',Properties:{textures:[{Value:'eyJ0ZXh0dXJlcyI6eyJTS0lOIjp7InVybCI6Imh0dHA6Ly90ZXh0dXJlcy5taW5lY3JhZnQubmV0L3RleHR1cmUvYjY2YjJiMzJkMzE1MzljNzM4M2Q5MjNiYWU0ZmFhZjY1ZGE2NzE1Y2Q1MjZjMzVkMmU0ZTY4MjVkYTExZmIifX19'}]}}}"
                }
              ],
              "conditions": [
                {
                  "condition": "entity_properties",
                  "predicate": {
                    "nbt": "{Variant:770}"
                  },
                  "entity": "this"
                }
              ]
            },
            {
              "type": "item",
              "name": "minecraft:player_head",
              "functions": [
                {
                  "function": "set_nbt",
                  "tag": "{SkullOwner:{Name:'Chestnut Horse',Id:'5a2546e1-2213-4f2a-8cbe-5ffddf3e7269',Properties:{textures:[{Value:'eyJ0ZXh0dXJlcyI6eyJTS0lOIjp7InVybCI6Imh0dHA6Ly90ZXh0dXJlcy5taW5lY3JhZnQubmV0L3RleHR1cmUvYjY2YjJiMzJkMzE1MzljNzM4M2Q5MjNiYWU0ZmFhZjY1ZGE2NzE1Y2Q1MjZjMzVkMmU0ZTY4MjVkYTExZmIifX19'}]}}}"
                }
              ],
              "conditions": [
                {
                  "condition": "entity_properties",
                  "predicate": {
                    "nbt": "{Variant:1026}"
                  },
                  "entity": "this"
                }
              ]
            },
            {
              "type": "item",
              "name": "minecraft:player_head",
              "functions": [
                {
                  "function": "set_nbt",
                  "tag": "{SkullOwner:{Name:'Brown Horse',Id:'2dcb4f55-ab85-48ba-b7d2-7b57d3ec7bfa',Properties:{textures:[{Value:'eyJ0ZXh0dXJlcyI6eyJTS0lOIjp7InVybCI6Imh0dHA6Ly90ZXh0dXJlcy5taW5lY3JhZnQubmV0L3RleHR1cmUvOGE1ZmFiYmNiYzU0ODE5NzZmYjkzOGE1MTllYWQ1OWVlZWUyYTA3MWRmMjk3Mzg0YThmZTk2Nzg4YTlkZjVhNiJ9fX0='}]}}}"
                }
              ],
              "conditions": [
                {
                  "condition": "entity_properties",
                  "predicate": {
                    "nbt": "{Variant:259}"
                  },
                  "entity": "this"
                }
              ]
            },
            {
              "type": "item",
              "name": "minecraft:player_head",
              "functions": [
                {
                  "function": "set_nbt",
                  "tag": "{SkullOwner:{Name:'Brown Horse',Id:'2dcb4f55-ab85-48ba-b7d2-7b57d3ec7bfa',Properties:{textures:[{Value:'eyJ0ZXh0dXJlcyI6eyJTS0lOIjp7InVybCI6Imh0dHA6Ly90ZXh0dXJlcy5taW5lY3JhZnQubmV0L3RleHR1cmUvOGE1ZmFiYmNiYzU0ODE5NzZmYjkzOGE1MTllYWQ1OWVlZWUyYTA3MWRmMjk3Mzg0YThmZTk2Nzg4YTlkZjVhNiJ9fX0='}]}}}"
                }
              ],
              "conditions": [
                {
                  "condition": "entity_properties",
                  "predicate": {
                    "nbt": "{Variant:515}"
                  },
                  "entity": "this"
                }
              ]
            },
            {
              "type": "item",
              "name": "minecraft:player_head",
              "functions": [
                {
                  "function": "set_nbt",
                  "tag": "{SkullOwner:{Name:'Brown Horse',Id:'2dcb4f55-ab85-48ba-b7d2-7b57d3ec7bfa',Properties:{textures:[{Value:'eyJ0ZXh0dXJlcyI6eyJTS0lOIjp7InVybCI6Imh0dHA6Ly90ZXh0dXJlcy5taW5lY3JhZnQubmV0L3RleHR1cmUvOGE1ZmFiYmNiYzU0ODE5NzZmYjkzOGE1MTllYWQ1OWVlZWUyYTA3MWRmMjk3Mzg0YThmZTk2Nzg4YTlkZjVhNiJ9fX0='}]}}}"
                }
              ],
              "conditions": [
                {
                  "condition": "entity_properties",
                  "predicate": {
                    "nbt": "{Variant:771}"
                  },
                  "entity": "this"
                }
              ]
            },
            {
              "type": "item",
              "name": "minecraft:player_head",
              "functions": [
                {
                  "function": "set_nbt",
                  "tag": "{SkullOwner:{Name:'Brown Horse',Id:'2dcb4f55-ab85-48ba-b7d2-7b57d3ec7bfa',Properties:{textures:[{Value:'eyJ0ZXh0dXJlcyI6eyJTS0lOIjp7InVybCI6Imh0dHA6Ly90ZXh0dXJlcy5taW5lY3JhZnQubmV0L3RleHR1cmUvOGE1ZmFiYmNiYzU0ODE5NzZmYjkzOGE1MTllYWQ1OWVlZWUyYTA3MWRmMjk3Mzg0YThmZTk2Nzg4YTlkZjVhNiJ9fX0='}]}}}"
                }
              ],
              "conditions": [
                {
                  "condition": "entity_properties",
                  "predicate": {
                    "nbt": "{Variant:1027}"
                  },
                  "entity": "this"
                }
              ]
            },
            {
              "type": "item",
              "name": "minecraft:player_head",
              "functions": [
                {
                  "function": "set_nbt",
                  "tag": "{SkullOwner:{Name:'Black Horse',Id:'4083cd58-1325-4bfa-9efb-5b8b93a02493',Properties:{textures:[{Value:'eyJ0ZXh0dXJlcyI6eyJTS0lOIjp7InVybCI6Imh0dHA6Ly90ZXh0dXJlcy5taW5lY3JhZnQubmV0L3RleHR1cmUvNjRiN2ZjNWY3YTlkZGZkZDFhYTc5MzE3NDEwZmMxOTI5ZjkxYmRkZjk4NTg1OTM4YTJhNTYxOTlhNjMzY2MifX19'}]}}}"
                }
              ],
              "conditions": [
                {
                  "condition": "entity_properties",
                  "predicate": {
                    "nbt": "{Variant:260}"
                  },
                  "entity": "this"
                }
              ]
            },
            {
              "type": "item",
              "name": "minecraft:player_head",
              "functions": [
                {
                  "function": "set_nbt",
                  "tag": "{SkullOwner:{Name:'Black Horse',Id:'4083cd58-1325-4bfa-9efb-5b8b93a02493',Properties:{textures:[{Value:'eyJ0ZXh0dXJlcyI6eyJTS0lOIjp7InVybCI6Imh0dHA6Ly90ZXh0dXJlcy5taW5lY3JhZnQubmV0L3RleHR1cmUvNjRiN2ZjNWY3YTlkZGZkZDFhYTc5MzE3NDEwZmMxOTI5ZjkxYmRkZjk4NTg1OTM4YTJhNTYxOTlhNjMzY2MifX19'}]}}}"
                }
              ],
              "conditions": [
                {
                  "condition": "entity_properties",
                  "predicate": {
                    "nbt": "{Variant:516}"
                  },
                  "entity": "this"
                }
              ]
            },
            {
              "type": "item",
              "name": "minecraft:player_head",
              "functions": [
                {
                  "function": "set_nbt",
                  "tag": "{SkullOwner:{Name:'Black Horse',Id:'4083cd58-1325-4bfa-9efb-5b8b93a02493',Properties:{textures:[{Value:'eyJ0ZXh0dXJlcyI6eyJTS0lOIjp7InVybCI6Imh0dHA6Ly90ZXh0dXJlcy5taW5lY3JhZnQubmV0L3RleHR1cmUvNjRiN2ZjNWY3YTlkZGZkZDFhYTc5MzE3NDEwZmMxOTI5ZjkxYmRkZjk4NTg1OTM4YTJhNTYxOTlhNjMzY2MifX19'}]}}}"
                }
              ],
              "conditions": [
                {
                  "condition": "entity_properties",
                  "predicate": {
                    "nbt": "{Variant:772}"
                  },
                  "entity": "this"
                }
              ]
            },
            {
              "type": "item",
              "name": "minecraft:player_head",
              "functions": [
                {
                  "function": "set_nbt",
                  "tag": "{SkullOwner:{Name:'Black Horse',Id:'4083cd58-1325-4bfa-9efb-5b8b93a02493',Properties:{textures:[{Value:'eyJ0ZXh0dXJlcyI6eyJTS0lOIjp7InVybCI6Imh0dHA6Ly90ZXh0dXJlcy5taW5lY3JhZnQubmV0L3RleHR1cmUvNjRiN2ZjNWY3YTlkZGZkZDFhYTc5MzE3NDEwZmMxOTI5ZjkxYmRkZjk4NTg1OTM4YTJhNTYxOTlhNjMzY2MifX19'}]}}}"
                }
              ],
              "conditions": [
                {
                  "condition": "entity_properties",
                  "predicate": {
                    "nbt": "{Variant:1028}"
                  },
                  "entity": "this"
                }
              ]
            },
            {
              "type": "item",
              "name": "minecraft:player_head",
              "functions": [
                {
                  "function": "set_nbt",
                  "tag": "{SkullOwner:{Name:'Gray Horse',Id:'b600f9c3-9c3f-4e3c-828c-3ebb6414eaa7',Properties:{textures:[{Value:'eyJ0ZXh0dXJlcyI6eyJTS0lOIjp7InVybCI6Imh0dHA6Ly90ZXh0dXJlcy5taW5lY3JhZnQubmV0L3RleHR1cmUvNDEzODEzZGQ0NWVkMGVmODM4NDQ4Y2Y2ZjYzMWMxNTdjMjNmOTY1MGM1YWU0NTFlOTc4YTUzMzgzMzEyZmUifX19'}]}}}"
                }
              ],
              "conditions": [
                {
                  "condition": "entity_properties",
                  "predicate": {
                    "nbt": "{Variant:261}"
                  },
                  "entity": "this"
                }
              ]
            },
            {
              "type": "item",
              "name": "minecraft:player_head",
              "functions": [
                {
                  "function": "set_nbt",
                  "tag": "{SkullOwner:{Name:'Gray Horse',Id:'b600f9c3-9c3f-4e3c-828c-3ebb6414eaa7',Properties:{textures:[{Value:'eyJ0ZXh0dXJlcyI6eyJTS0lOIjp7InVybCI6Imh0dHA6Ly90ZXh0dXJlcy5taW5lY3JhZnQubmV0L3RleHR1cmUvNDEzODEzZGQ0NWVkMGVmODM4NDQ4Y2Y2ZjYzMWMxNTdjMjNmOTY1MGM1YWU0NTFlOTc4YTUzMzgzMzEyZmUifX19'}]}}}"
                }
              ],
              "conditions": [
                {
                  "condition": "entity_properties",
                  "predicate": {
                    "nbt": "{Variant:517}"
                  },
                  "entity": "this"
                }
              ]
            },
            {
              "type": "item",
              "name": "minecraft:player_head",
              "functions": [
                {
                  "function": "set_nbt",
                  "tag": "{SkullOwner:{Name:'Gray Horse',Id:'b600f9c3-9c3f-4e3c-828c-3ebb6414eaa7',Properties:{textures:[{Value:'eyJ0ZXh0dXJlcyI6eyJTS0lOIjp7InVybCI6Imh0dHA6Ly90ZXh0dXJlcy5taW5lY3JhZnQubmV0L3RleHR1cmUvNDEzODEzZGQ0NWVkMGVmODM4NDQ4Y2Y2ZjYzMWMxNTdjMjNmOTY1MGM1YWU0NTFlOTc4YTUzMzgzMzEyZmUifX19'}]}}}"
                }
              ],
              "conditions": [
                {
                  "condition": "entity_properties",
                  "predicate": {
                    "nbt": "{Variant:773}"
                  },
                  "entity": "this"
                }
              ]
            },
            {
              "type": "item",
              "name": "minecraft:player_head",
              "functions": [
                {
                  "function": "set_nbt",
                  "tag": "{SkullOwner:{Name:'Gray Horse',Id:'b600f9c3-9c3f-4e3c-828c-3ebb6414eaa7',Properties:{textures:[{Value:'eyJ0ZXh0dXJlcyI6eyJTS0lOIjp7InVybCI6Imh0dHA6Ly90ZXh0dXJlcy5taW5lY3JhZnQubmV0L3RleHR1cmUvNDEzODEzZGQ0NWVkMGVmODM4NDQ4Y2Y2ZjYzMWMxNTdjMjNmOTY1MGM1YWU0NTFlOTc4YTUzMzgzMzEyZmUifX19'}]}}}"
                }
              ],
              "conditions": [
                {
                  "condition": "entity_properties",
                  "predicate": {
                    "nbt": "{Variant:1029}"
                  },
                  "entity": "this"
                }
              ]
            },
            {
              "type": "item",
              "name": "minecraft:player_head",
              "functions": [
                {
                  "function": "set_nbt",
                  "tag": "{SkullOwner:{Name:'Dark Brown Horse',Id:'c6abc94e-a5ff-45fe-a0d7-4e479f290a6f',Properties:{textures:[{Value:'eyJ0ZXh0dXJlcyI6eyJTS0lOIjp7InVybCI6Imh0dHA6Ly90ZXh0dXJlcy5taW5lY3JhZnQubmV0L3RleHR1cmUvNDJlYjk2N2FiOTRmZGQ0MWE2MzI1ZjEyNzdkNmRjMDE5MjI2ZTVjZjM0OTc3ZWVlNjk1OTdmYWZjZjVlIn19fQ=='}]}}}"
                }
              ],
              "conditions": [
                {
                  "condition": "entity_properties",
                  "predicate": {
                    "nbt": "{Variant:262}"
                  },
                  "entity": "this"
                }
              ]
            },
            {
              "type": "item",
              "name": "minecraft:player_head",
              "functions": [
                {
                  "function": "set_nbt",
                  "tag": "{SkullOwner:{Name:'Dark Brown Horse',Id:'c6abc94e-a5ff-45fe-a0d7-4e479f290a6f',Properties:{textures:[{Value:'eyJ0ZXh0dXJlcyI6eyJTS0lOIjp7InVybCI6Imh0dHA6Ly90ZXh0dXJlcy5taW5lY3JhZnQubmV0L3RleHR1cmUvNDJlYjk2N2FiOTRmZGQ0MWE2MzI1ZjEyNzdkNmRjMDE5MjI2ZTVjZjM0OTc3ZWVlNjk1OTdmYWZjZjVlIn19fQ=='}]}}}"
                }
              ],
              "conditions": [
                {
                  "condition": "entity_properties",
                  "predicate": {
                    "nbt": "{Variant:518}"
                  },
                  "entity": "this"
                }
              ]
            },
            {
              "type": "item",
              "name": "minecraft:player_head",
              "functions": [
                {
                  "function": "set_nbt",
                  "tag": "{SkullOwner:{Name:'Dark Brown Horse',Id:'c6abc94e-a5ff-45fe-a0d7-4e479f290a6f',Properties:{textures:[{Value:'eyJ0ZXh0dXJlcyI6eyJTS0lOIjp7InVybCI6Imh0dHA6Ly90ZXh0dXJlcy5taW5lY3JhZnQubmV0L3RleHR1cmUvNDJlYjk2N2FiOTRmZGQ0MWE2MzI1ZjEyNzdkNmRjMDE5MjI2ZTVjZjM0OTc3ZWVlNjk1OTdmYWZjZjVlIn19fQ=='}]}}}"
                }
              ],
              "conditions": [
                {
                  "condition": "entity_properties",
                  "predicate": {
                    "nbt": "{Variant:774}"
                  },
                  "entity": "this"
                }
              ]
            },
            {
              "type": "item",
              "name": "minecraft:player_head",
              "functions": [
                {
                  "function": "set_nbt",
                  "tag": "{SkullOwner:{Name:'Dark Brown Horse',Id:'c6abc94e-a5ff-45fe-a0d7-4e479f290a6f',Properties:{textures:[{Value:'eyJ0ZXh0dXJlcyI6eyJTS0lOIjp7InVybCI6Imh0dHA6Ly90ZXh0dXJlcy5taW5lY3JhZnQubmV0L3RleHR1cmUvNDJlYjk2N2FiOTRmZGQ0MWE2MzI1ZjEyNzdkNmRjMDE5MjI2ZTVjZjM0OTc3ZWVlNjk1OTdmYWZjZjVlIn19fQ=='}]}}}"
                }
              ],
              "conditions": [
                {
                  "condition": "entity_properties",
                  "predicate": {
                    "nbt": "{Variant:1030}"
                  },
                  "entity": "this"
                }
              ]
            }
          ]
        }
      ]
    }
  ]
}