{
  "type": "minecraft:entity",
  "pools": [
    {
      "rolls": 1,
      "entries": [
        {
          "type": "minecraft:item",
          "functions": [
            {
              "function": "minecraft:set_count",
              "count": 1
            }
          ],
          "name": "minecraft:bamboo"
        }
      ]
    },
    {
      "rolls": 1,
      "entries": [
        {
          "type": "minecraft:alternatives",
          "conditions": [
            {
              "condition": "killed_by_player"
            },
            {
              "condition": "random_chance_with_looting",
              "chance": 0.01,
              "looting_multiplier": 0.06
            }
          ],
          "children": [
            {
              "type": "item",
              "name": "minecraft:player_head",
              "functions": [
                {
                  "function": "set_nbt",
                  "tag": "{SkullOwner:{Name:'Lazy Panda',Id:'fd7a7d59-7ffe-46dc-b90d-665a0e4d9287',Properties:{textures:[{Value:'eyJ0ZXh0dXJlcyI6eyJTS0lOIjp7InVybCI6Imh0dHA6Ly90ZXh0dXJlcy5taW5lY3JhZnQubmV0L3RleHR1cmUvNzgxOGI2ODFjYWNlMWM2NDE5MTlmNTNlZGFkZWNiMTQyMzMwZDA4OWE4MjZiNTYyMTkxMzhjMzNiN2E1ZTBkYiJ9fX0='}]}}}"
                }
              ],
              "conditions": [
                {
                  "condition": "entity_properties",
                  "predicate": {
                    "nbt": "{MainGene:'lazy'}"
                  },
                  "entity": "this"
                }
              ]
            },
            {
              "type": "item",
              "name": "minecraft:player_head",
              "functions": [
                {
                  "function": "set_nbt",
                  "tag": "{SkullOwner:{Name:'Worried Panda',Id:'7dc74b79-71bb-40ce-9feb-9d7f83311aa7',Properties:{textures:[{Value:'eyJ0ZXh0dXJlcyI6eyJTS0lOIjp7InVybCI6Imh0dHA6Ly90ZXh0dXJlcy5taW5lY3JhZnQubmV0L3RleHR1cmUvYzhlOTIxYzU3ZTU0ZGQwNzMzN2ZmYmE2MjllNzJjYWYzODUwZDgzNmI3NjU2MmIxYmMzYmM1OTQ5ZjJkNDFkIn19fQ=='}]}}}"
                }
              ],
              "conditions": [
                {
                  "condition": "entity_properties",
                  "predicate": {
                    "nbt": "{MainGene:'worried'}"
                  },
                  "entity": "this"
                }
              ]
            },
            {
              "type": "item",
              "name": "minecraft:player_head",
              "functions": [
                {
                  "function": "set_nbt",
                  "tag": "{SkullOwner:{Name:'Playful Panda',Id:'4bfdf3fe-943e-455c-8c84-009e9567f352',Properties:{textures:[{Value:'eyJ0ZXh0dXJlcyI6eyJTS0lOIjp7InVybCI6Imh0dHA6Ly90ZXh0dXJlcy5taW5lY3JhZnQubmV0L3RleHR1cmUvYjY0NjNlNjRjZTI5NzY0ZGIzY2I0NjgwNmNlZTYwNmFmYzI0YmRmMGNlMTRiNjY2MGMyNzBhOTZjNzg3NDI2In19fQ=='}]}}}"
                }
              ],
              "conditions": [
                {
                  "condition": "entity_properties",
                  "predicate": {
                    "nbt": "{MainGene:'playful'}"
                  },
                  "entity": "this"
                }
              ]
            },
            {
              "type": "item",
              "name": "minecraft:player_head",
              "functions": [
                {
                  "function": "set_nbt",
                  "tag": "{SkullOwner:{Name:'Aggressive Panda',Id:'6a83c5a7-4cac-49d7-bf88-75b657bf8cb6',Properties:{textures:[{Value:'eyJ0ZXh0dXJlcyI6eyJTS0lOIjp7InVybCI6Imh0dHA6Ly90ZXh0dXJlcy5taW5lY3JhZnQubmV0L3RleHR1cmUvMmUyZjM5M2YzYjI4YWU1NTc4ZDY4ZWE3MmYzNGIwYWE0ZjVmMmM1ODNhMjJkODk4MzQ2N2I5OGM0YjIzZDg2YyJ9fX0='}]}}}"
                }
              ],
              "conditions": [
                {
                  "condition": "entity_properties",
                  "predicate": {
                    "nbt": "{MainGene:'aggressive'}"
                  },
                  "entity": "this"
                }
              ]
            },
            {
              "type": "item",
              "name": "minecraft:player_head",
              "functions": [
                {
                  "function": "set_nbt",
                  "tag": "{SkullOwner:{Name:'Weak Panda',Id:'041da468-5fce-470a-ace5-8023cb3f42fa',Properties:{textures:[{Value:'eyJ0ZXh0dXJlcyI6eyJTS0lOIjp7InVybCI6Imh0dHA6Ly90ZXh0dXJlcy5taW5lY3JhZnQubmV0L3RleHR1cmUvNWMyZDI1ZTk1NjMzN2Q4Mjc5MWZhMGU2NjE3YTQwMDg2ZjAyZDZlYmZiZmQ1YTY0NTk4ODljZjIwNmZjYTc4NyJ9fX0='}]}}}"
                }
              ],
              "conditions": [
                {
                  "condition": "entity_properties",
                  "predicate": {
                    "nbt": "{MainGene:'weak'}"
                  },
                  "entity": "this"
                }
              ]
            },
            {
              "type": "item",
              "name": "minecraft:player_head",
              "functions": [
                {
                  "function": "set_nbt",
                  "tag": "{SkullOwner:{Name:'Brown Panda',Id:'e19e8aae-3bf4-4c7a-83bc-9a8c9f6ad544',Properties:{textures:[{Value:'eyJ0ZXh0dXJlcyI6eyJTS0lOIjp7InVybCI6Imh0dHA6Ly90ZXh0dXJlcy5taW5lY3JhZnQubmV0L3RleHR1cmUvYzVkMGQ0NWJmOTkyYjA3MmNmNWM1MTNlMDZiZWVmZThiZGM4MDljODE1MGYzZDE0Yjg4Mzc5NmE3Yjc0ZTQwNiJ9fX0='}]}}}"
                }
              ],
              "conditions": [
                {
                  "condition": "entity_properties",
                  "predicate": {
                    "nbt": "{MainGene:'brown'}"
                  },
                  "entity": "this"
                }
              ]
            },
            {
              "type": "item",
              "name": "minecraft:player_head",
              "functions": [
                {
                  "function": "set_nbt",
                  "tag": "{SkullOwner:{Name:'Normal Panda',Id:'bf7435c9-b7eb-49e9-8887-60697f8081b9',Properties:{textures:[{Value:'eyJ0ZXh0dXJlcyI6eyJTS0lOIjp7InVybCI6Imh0dHA6Ly90ZXh0dXJlcy5taW5lY3JhZnQubmV0L3RleHR1cmUvZGNhMDk2ZWVhNTA2MzAxYmVhNmQ0YjE3ZWUxNjA1NjI1YTZmNTA4MmM3MWY3NGE2MzljYzk0MDQzOWY0NzE2NiJ9fX0='}]}}}"
                }
              ],
              "conditions": [
                {
                  "condition": "entity_properties",
                  "predicate": {
                    "nbt": "{MainGene:'normal'}"
                  },
                  "entity": "this"
                }
              ]
            }
          ]
        }
      ]
    }
  ]
}