{
  "type": "minecraft:entity",
  "pools": [
    {
      "rolls": 1,
      "entries": [
        {
          "type": "minecraft:item",
          "name": "minecraft:shulker_shell"
        }
      ],
      "conditions": [
        {
          "condition": "minecraft:random_chance_with_looting",
          "chance": 0.5,
          "looting_multiplier": 0.0625
        }
      ]
    },
    {
      "rolls": 1,
      "entries": [
        {
          "type": "minecraft:item",
          "name": "minecraft:player_head",
          "functions": [
            {
              "function": "set_nbt",
              "tag": "{SkullOwner:{Id:'cda568d7-46da-4468-a46a-4c1ed73faf53',Name:'Shulker',Properties:{textures:[{Value:'eyJ0ZXh0dXJlcyI6eyJTS0lOIjp7InVybCI6Imh0dHA6Ly90ZXh0dXJlcy5taW5lY3JhZnQubmV0L3RleHR1cmUvMWU3MzgzMmUyNzJmODg0NGM0NzY4NDZiYzQyNGEzNDMyZmI2OThjNThlNmVmMmE5ODcxYzdkMjlhZWVhNyJ9fX0='}]}}}"
            },
            {
              "function": "minecraft:looting_enchant",
              "count": {
                "min": -1.0,
                "max": 1.0
              }
            },
            {
              "function": "set_count",
              "count": {
                "min": 0,
                "max": 1,
                "type": "minecraft:uniform"
              }
            }
          ]
        }
      ],
      "conditions": [
        {
          "condition": "killed_by_player"
        },
        {
          "condition": "random_chance_with_looting",
          "chance": 0.09,
          "looting_multiplier": 0.06
        }
      ]
    }
  ]
}